stateCode,stateName,districtCode,districtName,finYear,totalGP,sabhaHeld,gpdpApproved,gpdpUpload,updated_year,updated_month,updated_day,sabha_ratio,approval_ratio,upload_ratio,Actual_Category,NA_Best_Model,NA_Predicted_Category,NA_Deep_Learning_Prediction,NA_Best_ML_Prediction
18,ASSAM,283,DARRANG,2021-2022,75.0,75,75,74,2024,2,19,1.0,1.0,0.9866666666666667,High,NA Random Forest,High,High,High
29,KARNATAKA,532,CHIKKAMAGALURU,2021-2022,226.0,226,223,40,2024,2,19,1.0,0.9867256637168141,0.17699115044247787,Medium,NA Random Forest,Medium,Medium,Medium
10,BIHAR,218,SARAN,2021-2022,318.0,318,318,318,2024,2,19,1.0,1.0,1.0,High,NA Random Forest,High,High,High
5,UTTARAKHAND,50,HARIDWAR,2020-2021,306.0,306,306,306,2024,2,19,1.0,1.0,1.0,High,NA Random Forest,High,High,High
14,MANIPUR,712,KANGPOKPI,2022-2023,704.0,0,0,0,2024,2,19,0.0,0.0,0.0,Low,NA Random Forest,Low,Low,Low
7,DELHI,77,CENTRAL,2021-2022,281.0,0,0,0,2024,2,19,0.0,0.0,0.0,Low,NA Random Forest,Low,Low,Low
14,MANIPUR,254,CHURACHANDPUR,2020-2021,840.0,820,798,0,2024,2,19,0.9761904761904762,0.95,0.0,Medium,NA Random Forest,Medium,Medium,Medium
21,ODISHA,353,GAJAPATI,2021-2022,149.0,149,149,149,2024,2,19,1.0,1.0,1.0,High,NA Random Forest,High,High,High
28,ANDHRA PRADESH,504,Y.S.R.,2020-2021,557.0,807,807,807,2024,2,19,1.4488330341113107,1.4488330341113107,1.4488330341113107,High,NA Random Forest,High,High,High
8,RAJASTHAN,87,ALWAR,2021-2022,570.0,570,570,570,2024,2,19,1.0,1.0,1.0,High,NA Random Forest,High,High,High
14,MANIPUR,254,CHURACHANDPUR,2021-2022,840.0,652,245,0,2024,2,19,0.7761904761904762,0.2916666666666667,0.0,Low,NA Random Forest,Low,Low,Low
20,JHARKHAND,342,SIMDEGA,2020-2021,94.0,94,94,90,2024,2,19,1.0,1.0,0.9574468085106383,High,NA Random Forest,High,High,High
18,ASSAM,709,HOJAI,2020-2021,67.0,67,67,67,2024,2,19,1.0,1.0,1.0,High,NA Random Forest,High,High,High
8,RAJASTHAN,92,BHILWARA,2021-2022,398.0,398,398,398,2024,2,19,1.0,1.0,1.0,High,NA Random Forest,High,High,High
9,UTTAR PRADESH,127,BALRAMPUR,2020-2021,799.0,801,801,799,2024,2,19,1.002503128911139,1.002503128911139,1.0,High,NA Random Forest,High,High,High
24,GUJARAT,458,SABAR KANTHA,2020-2021,460.0,460,460,436,2024,2,19,1.0,1.0,0.9478260869565217,High,NA Random Forest,High,High,High
23,MADHYA PRADESH,396,BHOPAL,2021-2022,187.0,187,187,187,2024,2,19,1.0,1.0,1.0,High,NA Random Forest,High,High,High
33,TAMIL NADU,732,Tirupathur,2022-2023,208.0,208,207,0,2024,2,19,1.0,0.9951923076923077,0.0,Medium,NA Random Forest,Medium,Medium,Medium
19,WEST BENGAL,304,South 24 Parganas,2020-2021,310.0,310,310,310,2024,2,19,1.0,1.0,1.0,High,NA Random Forest,High,High,High
33,TAMIL NADU,571,DHARMAPURI,2022-2023,251.0,3,0,0,2024,2,19,0.01195219123505976,0.0,0.0,Low,NA Random Forest,Low,Low,Low
24,GUJARAT,445,DOHAD,2021-2022,557.0,557,370,0,2024,2,19,1.0,0.6642728904847397,0.0,Medium,NA Random Forest,Medium,Medium,Medium
3,PUNJAB,43,SANGRUR,2021-2022,424.0,424,424,424,2024,2,19,1.0,1.0,1.0,High,NA Random Forest,High,High,High
17,MEGHALAYA,278,WEST GARO HILLS,2020-2021,1171.0,106,44,0,2024,2,19,0.09052092228864218,0.037574722459436376,0.0,Low,NA Random Forest,Low,Low,Low
13,NAGALAND,615,LONGLENG,2021-2022,46.0,46,43,0,2024,2,19,1.0,0.9347826086956522,0.0,Medium,NA Random Forest,Medium,Medium,Medium
18,ASSAM,618,KAMRUP METRO,2022-2023,21.0,21,16,0,2024,2,19,1.0,0.7619047619047619,0.0,Medium,NA Random Forest,Medium,Medium,Medium
3,PUNJAB,662,PATHANKOT,2021-2022,421.0,421,421,416,2024,2,19,1.0,1.0,0.9881235154394299,High,NA Random Forest,High,High,High
36,TELANGANA,514,NALGONDA,2020-2021,844.0,845,844,844,2024,2,19,1.0011848341232228,1.0,1.0,High,NA Random Forest,High,High,High
29,KARNATAKA,538,KALABURAGI,2022-2023,261.0,27,0,0,2024,2,19,0.10344827586206896,0.0,0.0,Low,NA Random Forest,Low,Low,Low
23,MADHYA PRADESH,408,HARDA,2020-2021,207.0,210,205,204,2024,2,19,1.0144927536231885,0.9903381642512077,0.9855072463768116,High,NA Random Forest,High,High,High
9,UTTAR PRADESH,139,ETAWAH,2020-2021,470.0,470,470,470,2024,2,19,1.0,1.0,1.0,High,NA Random Forest,High,High,High
23,MADHYA PRADESH,399,CHHINDWARA,2020-2021,784.0,784,784,783,2024,2,19,1.0,1.0,0.9987244897959183,High,NA Random Forest,High,High,High
21,ODISHA,364,MALKANGIRI,2022-2023,111.0,111,111,0,2024,2,19,1.0,1.0,0.0,Medium,NA Random Forest,Medium,Medium,Medium
8,RAJASTHAN,103,JAISALMER,2021-2022,206.0,206,206,206,2024,2,19,1.0,1.0,1.0,High,NA Random Forest,High,High,High
22,CHHATTISGARH,648,SURAJPUR,2020-2021,481.0,481,481,481,2024,2,19,1.0,1.0,1.0,High,NA Random Forest,High,High,High
22,CHHATTISGARH,379,JANJGIR-CHAMPA,2021-2022,657.0,657,657,259,2024,2,19,1.0,1.0,0.3942161339421613,Medium,NA Random Forest,Medium,High,Medium
9,UTTAR PRADESH,168,MAU,2021-2022,669.0,669,669,669,2024,2,19,1.0,1.0,1.0,High,NA Random Forest,High,High,High
6,HARYANA,71,PANIPAT,2020-2021,178.0,175,175,175,2024,2,19,0.9831460674157303,0.9831460674157303,0.9831460674157303,High,NA Random Forest,High,High,High
21,ODISHA,350,CUTTACK,2021-2022,374.0,374,374,374,2024,2,19,1.0,1.0,1.0,High,NA Random Forest,High,High,High
7,DELHI,77,CENTRAL,2022-2023,281.0,0,0,0,2024,2,19,0.0,0.0,0.0,Low,NA Random Forest,Low,Low,Low
27,MAHARASHTRA,500,YAVATMAL,2020-2021,1201.0,1201,1201,1201,2024,2,19,1.0,1.0,1.0,High,NA Random Forest,High,High,High
9,UTTAR PRADESH,152,JAUNPUR,2021-2022,1740.0,1740,1714,1707,2024,2,19,1.0,0.9850574712643678,0.9810344827586207,High,NA Random Forest,High,High,High
19,WEST BENGAL,304,South 24 Parganas,2021-2022,310.0,310,309,308,2024,2,19,1.0,0.9967741935483871,0.9935483870967742,High,NA Random Forest,High,High,High
18,ASSAM,710,WEST KARBI ANGLONG,2020-2021,9.0,9,9,0,2024,2,19,1.0,1.0,0.0,Medium,NA Random Forest,Medium,Medium,Medium
7,DELHI,78,EAST,2020-2021,281.0,0,0,0,2024,2,19,0.0,0.0,0.0,Low,NA Random Forest,Low,Low,Low
1,JAMMU AND KASHMIR,4,DODA,2020-2021,237.0,235,129,6,2024,2,19,0.9915611814345991,0.5443037974683544,0.02531645569620253,Medium,NA Random Forest,Medium,Medium,Medium
9,UTTAR PRADESH,151,JALAUN,2022-2023,574.0,574,574,318,2024,2,19,1.0,1.0,0.554006968641115,High,NA Random Forest,High,High,High
1,JAMMU AND KASHMIR,624,SAMBA,2020-2021,101.0,101,90,85,2024,2,19,1.0,0.8910891089108911,0.8415841584158416,High,NA Random Forest,High,High,High
21,ODISHA,362,KHORDHA,2022-2023,190.0,190,143,0,2024,2,19,1.0,0.7526315789473684,0.0,Medium,NA Random Forest,Medium,Medium,Medium
22,CHHATTISGARH,376,Dakshin Bastar Dantewada,2022-2023,143.0,143,43,3,2024,2,19,1.0,0.3006993006993007,0.02097902097902098,Low,NA Random Forest,Low,Low,Low
9,UTTAR PRADESH,660,SHAMLI,2022-2023,230.0,230,229,133,2024,2,19,1.0,0.9956521739130435,0.5782608695652174,High,NA Random Forest,High,High,High
10,BIHAR,208,MUZAFFARPUR,2021-2022,381.0,373,373,373,2024,2,19,0.979002624671916,0.979002624671916,0.979002624671916,High,NA Random Forest,High,High,High
9,UTTAR PRADESH,659,SAMBHAL,2022-2023,670.0,670,650,462,2024,2,19,1.0,0.9701492537313433,0.6895522388059702,High,NA Random Forest,High,High,High
27,MAHARASHTRA,488,OSMANABAD,2022-2023,612.0,612,1,0,2024,2,19,1.0,0.0016339869281045752,0.0,Low,NA Random Forest,Low,Low,Low
32,KERALA,565,THIRUVANANTHAPURAM,2021-2022,73.0,73,73,73,2024,2,19,1.0,1.0,1.0,High,NA Random Forest,High,High,High
9,UTTAR PRADESH,148,GORAKHPUR,2020-2021,1292.0,1318,1307,1276,2024,2,19,1.020123839009288,1.011609907120743,0.9876160990712074,High,NA Random Forest,High,High,High
36,TELANGANA,513,MEDAK,2021-2022,469.0,469,469,469,2024,2,19,1.0,1.0,1.0,High,NA Random Forest,High,High,High
29,KARNATAKA,548,TUMAKURU,2022-2023,330.0,0,0,0,2024,2,19,0.0,0.0,0.0,Low,NA Random Forest,Low,Low,Low
18,ASSAM,707,SOUTH SALMARA MANCACHAR,2022-2023,35.0,35,28,0,2024,2,19,1.0,0.8,0.0,Medium,NA Random Forest,Medium,Medium,Medium
28,ANDHRA PRADESH,503,CHITTOOR,2020-2021,697.0,1410,1410,1409,2024,2,19,2.022955523672884,2.022955523672884,2.0215208034433285,High,NA Random Forest,High,High,High
18,ASSAM,756,TAMULPUR,2022-2023,27.0,0,0,0,2024,2,19,0.0,0.0,0.0,Low,NA Random Forest,Low,Low,Low
33,TAMIL NADU,572,DINDIGUL,2020-2021,306.0,306,306,306,2024,2,19,1.0,1.0,1.0,High,NA Random Forest,High,High,High
17,MEGHALAYA,273,EAST GARO HILLS,2022-2023,549.0,467,409,0,2024,2,19,0.8506375227686703,0.7449908925318761,0.0,Medium,NA Random Forest,Medium,Low,Medium
20,JHARKHAND,339,RANCHI,2020-2021,305.0,305,305,305,2024,2,19,1.0,1.0,1.0,High,NA Random Forest,High,High,High
17,MEGHALAYA,274,EAST KHASI HILLS,2021-2022,1041.0,498,443,0,2024,2,19,0.4783861671469741,0.425552353506244,0.0,Low,NA Random Forest,Low,Low,Low
21,ODISHA,369,PURI,2021-2022,268.0,268,268,268,2024,2,19,1.0,1.0,1.0,High,NA Random Forest,High,High,High
36,TELANGANA,680,Nirmal,2021-2022,396.0,396,396,396,2024,2,19,1.0,1.0,1.0,High,NA Random Forest,High,High,High
6,HARYANA,70,PANCHKULA,2022-2023,135.0,135,103,0,2024,2,19,1.0,0.762962962962963,0.0,Medium,NA Random Forest,Medium,Medium,Medium
10,BIHAR,204,LAKHISARAI,2020-2021,76.0,80,80,80,2024,2,19,1.0526315789473684,1.0526315789473684,1.0526315789473684,High,NA Random Forest,High,High,High
5,UTTARAKHAND,47,CHAMOLI,2021-2022,611.0,611,611,607,2024,2,19,1.0,1.0,0.9934533551554828,High,NA Random Forest,High,High,High
5,UTTARAKHAND,47,CHAMOLI,2022-2023,611.0,606,316,0,2024,2,19,0.9918166939443536,0.5171849427168577,0.0,Medium,NA Random Forest,Medium,Low,Medium
24,GUJARAT,462,VALSAD,2021-2022,385.0,367,267,0,2024,2,19,0.9532467532467532,0.6935064935064935,0.0,Medium,NA Random Forest,Medium,Medium,Medium
29,KARNATAKA,635,YADGIR,2020-2021,122.0,122,122,1,2024,2,19,1.0,1.0,0.00819672131147541,Medium,NA Random Forest,Medium,Medium,Medium
33,TAMIL NADU,591,TIRUCHIRAPPALLI,2022-2023,404.0,112,30,0,2024,2,19,0.27722772277227725,0.07425742574257425,0.0,Low,NA Random Forest,Low,Low,Low
33,TAMIL NADU,595,VELLORE,2020-2021,249.0,249,249,249,2024,2,19,1.0,1.0,1.0,High,NA Random Forest,High,High,High
32,KERALA,564,PATHANAMTHITTA,2021-2022,53.0,53,53,53,2024,2,19,1.0,1.0,1.0,High,NA Random Forest,High,High,High
33,TAMIL NADU,589,THIRUVALLUR,2021-2022,526.0,526,526,526,2024,2,19,1.0,1.0,1.0,High,NA Random Forest,High,High,High
3,PUNJAB,32,GURDASPUR,2021-2022,1285.0,1285,1285,1284,2024,2,19,1.0,1.0,0.9992217898832685,High,NA Random Forest,High,High,High
18,ASSAM,297,NAGAON,2020-2021,172.0,172,172,172,2024,2,19,1.0,1.0,1.0,High,NA Random Forest,High,High,High
6,HARYANA,58,AMBALA,2021-2022,400.0,400,400,395,2024,2,19,1.0,1.0,0.9875,High,NA Random Forest,High,High,High
8,RAJASTHAN,106,JHUNJHUNU,2021-2022,337.0,337,337,337,2024,2,19,1.0,1.0,1.0,High,NA Random Forest,High,High,High
14,MANIPUR,716,TENGNOUPAL,2020-2021,326.0,318,281,0,2024,2,19,0.9754601226993865,0.8619631901840491,0.0,Medium,NA Random Forest,Medium,Medium,Medium
6,HARYANA,59,BHIWANI,2020-2021,312.0,304,304,304,2024,2,19,0.9743589743589743,0.9743589743589743,0.9743589743589743,High,NA Random Forest,High,High,High
12,ARUNACHAL PRADESH,238,TAWANG,2020-2021,87.0,80,77,71,2024,2,19,0.9195402298850575,0.8850574712643678,0.8160919540229885,High,NA Random Forest,High,High,High
19,WEST BENGAL,305,BANKURA,2021-2022,190.0,190,190,189,2024,2,19,1.0,1.0,0.9947368421052631,High,NA Random Forest,High,High,High
33,TAMIL NADU,583,RAMANATHAPURAM,2021-2022,429.0,429,429,429,2024,2,19,1.0,1.0,1.0,High,NA Random Forest,High,High,High
20,JHARKHAND,335,LATEHAR,2022-2023,115.0,115,67,0,2024,2,19,1.0,0.5826086956521739,0.0,Medium,NA Random Forest,Medium,Low,Medium
20,JHARKHAND,327,EAST SINGHBUM,2021-2022,231.0,231,231,231,2024,2,19,1.0,1.0,1.0,High,NA Random Forest,High,High,High
13,NAGALAND,249,TUENSANG,2021-2022,82.0,82,79,0,2024,2,19,1.0,0.9634146341463414,0.0,Medium,NA Random Forest,Medium,Medium,Medium
11,SIKKIM,741,Pakyong,2022-2023,29.0,29,29,29,2024,2,19,1.0,1.0,1.0,High,NA Random Forest,High,High,High
6,HARYANA,59,BHIWANI,2021-2022,312.0,312,312,305,2024,2,19,1.0,1.0,0.9775641025641025,High,NA Random Forest,High,High,High
27,MAHARASHTRA,474,DHULE,2020-2021,541.0,541,541,541,2024,2,19,1.0,1.0,1.0,High,NA Random Forest,High,High,High
27,MAHARASHTRA,484,NAGPUR,2021-2022,768.0,768,768,768,2024,2,19,1.0,1.0,1.0,High,NA Random Forest,High,High,High
35,ANDAMAN AND NICOBAR ISLANDS,602,SOUTH ANDAMANS,2021-2022,30.0,30,30,30,2024,2,19,1.0,1.0,1.0,High,NA Random Forest,High,High,High
10,BIHAR,210,NAWADA,2022-2023,187.0,182,181,180,2024,2,19,0.9732620320855615,0.9679144385026738,0.9625668449197861,High,NA Random Forest,High,High,High
32,KERALA,558,KASARAGOD,2022-2023,38.0,38,38,38,2024,2,19,1.0,1.0,1.0,High,NA Random Forest,High,High,High
29,KARNATAKA,544,MANDYA,2021-2022,233.0,233,233,233,2024,2,19,1.0,1.0,1.0,High,NA Random Forest,High,High,High
32,KERALA,561,KOZHIKODE,2020-2021,70.0,70,70,70,2024,2,19,1.0,1.0,1.0,High,NA Random Forest,High,High,High
36,TELANGANA,693,WANAPARTHY,2021-2022,255.0,255,255,255,2024,2,19,1.0,1.0,1.0,High,NA Random Forest,High,High,High
24,GUJARAT,439,AMRELI,2022-2023,602.0,601,598,0,2024,2,19,0.9983388704318937,0.9933554817275747,0.0,Medium,NA Random Forest,Medium,Medium,Medium
19,WEST BENGAL,321,PURULIA,2022-2023,170.0,170,170,169,2024,2,19,1.0,1.0,0.9941176470588236,High,NA Random Forest,High,High,High
9,UTTAR PRADESH,182,SIDDHARTH NAGAR,2022-2023,1136.0,1136,1134,979,2024,2,19,1.0,0.9982394366197183,0.8617957746478874,High,NA Random Forest,High,High,High
19,WEST BENGAL,317,Purba Medinipur,2020-2021,223.0,223,223,223,2024,2,19,1.0,1.0,1.0,High,NA Random Forest,High,High,High
13,NAGALAND,247,MON,2020-2021,122.0,122,122,0,2024,2,19,1.0,1.0,0.0,Medium,NA Random Forest,Medium,Medium,Medium
22,CHHATTISGARH,650,BEMETARA,2021-2022,429.0,429,429,345,2024,2,19,1.0,1.0,0.8041958041958042,High,NA Random Forest,High,High,High
8,RAJASTHAN,93,BIKANER,2022-2023,366.0,366,366,45,2024,2,19,1.0,1.0,0.12295081967213115,Medium,NA Random Forest,Medium,Medium,Medium
27,MAHARASHTRA,482,MUMBAI,2021-2022,281.0,0,0,0,2024,2,19,0.0,0.0,0.0,Low,NA Random Forest,Low,Low,Low
36,TELANGANA,720,Mulugu,2021-2022,174.0,174,174,174,2024,2,19,1.0,1.0,1.0,High,NA Random Forest,High,High,High
32,KERALA,564,PATHANAMTHITTA,2022-2023,53.0,53,53,53,2024,2,19,1.0,1.0,1.0,High,NA Random Forest,High,High,High
14,MANIPUR,258,TAMENGLONG,2020-2021,146.0,146,146,0,2024,2,19,1.0,1.0,0.0,Medium,NA Random Forest,Medium,Medium,Medium
13,NAGALAND,247,MON,2021-2022,122.0,122,93,0,2024,2,19,1.0,0.7622950819672131,0.0,Medium,NA Random Forest,Medium,Medium,Medium
27,MAHARASHTRA,484,NAGPUR,2022-2023,766.0,766,746,745,2024,2,19,1.0,0.9738903394255874,0.9725848563968669,High,NA Random Forest,High,High,High
18,ASSAM,285,DHUBRI,2022-2023,132.0,132,25,0,2024,2,19,1.0,0.1893939393939394,0.0,Low,NA Random Forest,Low,Low,Low
36,TELANGANA,721,Narayanpet,2020-2021,280.0,280,280,280,2024,2,19,1.0,1.0,1.0,High,NA Random Forest,High,High,High
29,KARNATAKA,535,DAVANGERE,2022-2023,195.0,0,0,0,2024,2,19,0.0,0.0,0.0,Low,NA Random Forest,Low,Low,Low
36,TELANGANA,695,JOGULAMBA GADWAL,2021-2022,255.0,255,255,255,2024,2,19,1.0,1.0,1.0,High,NA Random Forest,High,High,High
33,TAMIL NADU,610,Ariyalur,2022-2023,201.0,201,201,0,2024,2,19,1.0,1.0,0.0,Medium,NA Random Forest,Medium,Medium,Medium
24,GUJARAT,460,SURENDRANAGAR,2021-2022,540.0,254,6,0,2024,2,19,0.4703703703703704,0.011111111111111112,0.0,Low,NA Random Forest,Low,Low,Low
27,MAHARASHTRA,470,BEED,2022-2023,1008.0,999,8,1,2024,2,19,0.9910714285714286,0.007936507936507936,0.000992063492063492,Low,NA Random Forest,Low,Low,Low
6,HARYANA,61,FATEHABAD,2020-2021,259.0,257,257,257,2024,2,19,0.9922779922779923,0.9922779922779923,0.9922779922779923,High,NA Random Forest,High,High,High
23,MADHYA PRADESH,393,BARWANI,2021-2022,409.0,409,408,405,2024,2,19,1.0,0.9975550122249389,0.9902200488997555,High,NA Random Forest,High,High,High
8,RAJASTHAN,104,JALORE,2022-2023,306.0,306,245,0,2024,2,19,1.0,0.8006535947712419,0.0,Medium,NA Random Forest,Medium,Medium,Medium
21,ODISHA,365,MAYURBHANJ,2022-2023,405.0,405,284,0,2024,2,19,1.0,0.7012345679012346,0.0,Medium,NA Random Forest,Medium,Medium,Medium
6,HARYANA,65,JIND,2020-2021,300.0,299,299,298,2024,2,19,0.9966666666666667,0.9966666666666667,0.9933333333333333,High,NA Random Forest,High,High,High
34,PUDUCHERRY,599,MAHE,2021-2022,281.0,0,0,0,2024,2,19,0.0,0.0,0.0,Low,NA Random Forest,Low,Low,Low
29,KARNATAKA,525,BENGALURU URBAN,2020-2021,88.0,92,92,12,2024,2,19,1.0454545454545454,1.0454545454545454,0.13636363636363635,Medium,NA Random Forest,Medium,Medium,Medium
8,RAJASTHAN,102,JAIPUR,2020-2021,602.0,606,605,599,2024,2,19,1.0066445182724253,1.004983388704319,0.9950166112956811,High,NA Random Forest,High,High,High
15,MIZORAM,261,AIZAWL,2020-2021,69.0,69,69,0,2024,2,19,1.0,1.0,0.0,Medium,NA Random Forest,Medium,Medium,Medium
23,MADHYA PRADESH,407,GWALIOR,2020-2021,255.0,256,256,256,2024,2,19,1.003921568627451,1.003921568627451,1.003921568627451,High,NA Random Forest,High,High,High
8,RAJASTHAN,90,BARMER,2022-2023,688.0,687,595,8,2024,2,19,0.998546511627907,0.8648255813953488,0.011627906976744186,Medium,NA Random Forest,Medium,Medium,Medium
20,JHARKHAND,332,HAZARIBAGH,2021-2022,250.0,250,250,250,2024,2,19,1.0,1.0,1.0,High,NA Random Forest,High,High,High
22,CHHATTISGARH,649,Balrampur Ramanujganj,2022-2023,468.0,468,468,8,2024,2,19,1.0,1.0,0.017094017094017096,Medium,NA Random Forest,Medium,Medium,Medium
8,RAJASTHAN,107,JODHPUR,2020-2021,627.0,630,630,628,2024,2,19,1.0047846889952152,1.0047846889952152,1.0015948963317385,High,NA Random Forest,High,High,High
1,JAMMU AND KASHMIR,8,KUPWARA,2021-2022,385.0,385,385,385,2024,2,19,1.0,1.0,1.0,High,NA Random Forest,High,High,High
17,MEGHALAYA,276,RI BHOI,2021-2022,666.0,236,213,0,2024,2,19,0.35435435435435436,0.31981981981981983,0.0,Low,NA Random Forest,Low,Low,Low
12,ARUNACHAL PRADESH,678,NAMSAI,2022-2023,116.0,116,0,0,2024,2,19,1.0,0.0,0.0,Low,NA Random Forest,Low,Low,Low
2,HIMACHAL PRADESH,15,BILASPUR,2022-2023,176.0,176,174,174,2024,2,19,1.0,0.9886363636363636,0.9886363636363636,High,NA Random Forest,High,High,High
5,UTTARAKHAND,55,TEHRI GARHWAL,2021-2022,1036.0,1036,1034,1032,2024,2,19,1.0,0.9980694980694981,0.9961389961389961,High,NA Random Forest,High,High,High
23,MADHYA PRADESH,404,DINDORI,2020-2021,364.0,364,364,364,2024,2,19,1.0,1.0,1.0,High,NA Random Forest,High,High,High
18,ASSAM,284,DHEMAJI,2021-2022,65.0,65,65,65,2024,2,19,1.0,1.0,1.0,High,NA Random Forest,High,High,High
15,MIZORAM,265,LUNGLEI,2020-2021,113.0,113,113,0,2024,2,19,1.0,1.0,0.0,Medium,NA Random Forest,Medium,Medium,Medium
10,BIHAR,206,MADHUBANI,2021-2022,388.0,388,388,388,2024,2,19,1.0,1.0,1.0,High,NA Random Forest,High,High,High
29,KARNATAKA,532,CHIKKAMAGALURU,2022-2023,226.0,0,0,0,2024,2,19,0.0,0.0,0.0,Low,NA Random Forest,Low,Low,Low
32,KERALA,567,WAYANAD,2021-2022,23.0,23,23,23,2024,2,19,1.0,1.0,1.0,High,NA Random Forest,High,High,High
10,BIHAR,207,MUNGER,2021-2022,99.0,99,99,99,2024,2,19,1.0,1.0,1.0,High,NA Random Forest,High,High,High
8,RAJASTHAN,97,DAUSA,2022-2023,284.0,284,262,0,2024,2,19,1.0,0.9225352112676056,0.0,Medium,NA Random Forest,Medium,Medium,Medium
18,ASSAM,739,Bajali,2022-2023,32.0,32,0,0,2024,2,19,1.0,0.0,0.0,Low,NA Random Forest,Low,Low,Low
29,KARNATAKA,635,YADGIR,2022-2023,122.0,0,0,0,2024,2,19,0.0,0.0,0.0,Low,NA Random Forest,Low,Low,Low
12,ARUNACHAL PRADESH,233,KURUNG KUMEY,2022-2023,91.0,27,1,0,2024,2,19,0.2967032967032967,0.01098901098901099,0.0,Low,NA Random Forest,Low,Low,Low
7,DELHI,80,NORTH,2022-2023,281.0,0,0,0,2024,2,19,0.0,0.0,0.0,Low,NA Random Forest,Low,Low,Low
9,UTTAR PRADESH,155,KANNAUJ,2022-2023,499.0,499,495,220,2024,2,19,1.0,0.9919839679358717,0.4408817635270541,High,NA Random Forest,High,High,High
11,SIKKIM,228,Gyalshing,2021-2022,61.0,61,58,56,2024,2,19,1.0,0.9508196721311475,0.9180327868852459,High,NA Random Forest,High,High,High
19,WEST BENGAL,321,PURULIA,2021-2022,170.0,170,170,170,2024,2,19,1.0,1.0,1.0,High,NA Random Forest,High,High,High
9,UTTAR PRADESH,134,BULANDSHAHR,2020-2021,943.0,951,951,951,2024,2,19,1.0084835630965006,1.0084835630965006,1.0084835630965006,High,NA Random Forest,High,High,High
1,JAMMU AND KASHMIR,621,RAMBAN,2021-2022,143.0,143,143,143,2024,2,19,1.0,1.0,1.0,High,NA Random Forest,High,High,High
23,MADHYA PRADESH,404,DINDORI,2021-2022,364.0,364,362,362,2024,2,19,1.0,0.9945054945054945,0.9945054945054945,High,NA Random Forest,High,High,High
24,GUJARAT,460,SURENDRANAGAR,2022-2023,540.0,540,502,0,2024,2,19,1.0,0.9296296296296296,0.0,Medium,NA Random Forest,Medium,Medium,Medium
33,TAMIL NADU,576,KARUR,2022-2023,157.0,157,156,0,2024,2,19,1.0,0.9936305732484076,0.0,Medium,NA Random Forest,Medium,Medium,Medium
36,TELANGANA,507,HYDERABAD,2021-2022,281.0,0,0,0,2024,2,19,0.0,0.0,0.0,Low,NA Random Forest,Low,Low,Low
5,UTTARAKHAND,56,UDAM SINGH NAGAR,2021-2022,376.0,376,375,375,2024,2,19,1.0,0.9973404255319149,0.9973404255319149,High,NA Random Forest,High,High,High
8,RAJASTHAN,94,BUNDI,2020-2021,184.0,184,184,184,2024,2,19,1.0,1.0,1.0,High,NA Random Forest,High,High,High
9,UTTAR PRADESH,154,AMROHA,2020-2021,594.0,601,601,597,2024,2,19,1.0117845117845117,1.0117845117845117,1.005050505050505,High,NA Random Forest,High,High,High
36,TELANGANA,682,PEDDAPALLI,2021-2022,266.0,266,266,266,2024,2,19,1.0,1.0,1.0,High,NA Random Forest,High,High,High
9,UTTAR PRADESH,124,BAGHPAT,2022-2023,244.0,244,209,119,2024,2,19,1.0,0.8565573770491803,0.48770491803278687,Medium,NA Random Forest,Medium,Medium,Medium
32,KERALA,562,MALAPPURAM,2022-2023,94.0,94,93,93,2024,2,19,1.0,0.9893617021276596,0.9893617021276596,High,NA Random Forest,High,High,High
18,ASSAM,281,BONGAIGAON,2022-2023,66.0,41,1,0,2024,2,19,0.6212121212121212,0.015151515151515152,0.0,Low,NA Random Forest,Low,Low,Low
21,ODISHA,353,GAJAPATI,2022-2023,149.0,149,141,0,2024,2,19,1.0,0.9463087248322147,0.0,Medium,NA Random Forest,Medium,Medium,Medium
15,MIZORAM,266,MAMIT,2020-2021,90.0,90,90,0,2024,2,19,1.0,1.0,0.0,Medium,NA Random Forest,Medium,Medium,Medium
33,TAMIL NADU,573,ERODE,2020-2021,225.0,225,225,225,2024,2,19,1.0,1.0,1.0,High,NA Random Forest,High,High,High
10,BIHAR,209,NALANDA,2021-2022,231.0,231,231,231,2024,2,19,1.0,1.0,1.0,High,NA Random Forest,High,High,High
2,HIMACHAL PRADESH,22,MANDI,2021-2022,559.0,559,559,559,2024,2,19,1.0,1.0,1.0,High,NA Random Forest,High,High,High
21,ODISHA,348,BHADRAK,2022-2023,218.0,218,127,0,2024,2,19,1.0,0.5825688073394495,0.0,Medium,NA Random Forest,Medium,Medium,Medium
29,KARNATAKA,527,BELAGAVI,2022-2023,500.0,0,0,0,2024,2,19,0.0,0.0,0.0,Low,NA Random Forest,Low,Low,Low
23,MADHYA PRADESH,390,ANUPPUR,2021-2022,279.0,279,277,277,2024,2,19,1.0,0.992831541218638,0.992831541218638,High,NA Random Forest,High,High,High
23,MADHYA PRADESH,667,AGAR MALWA,2021-2022,227.0,227,227,227,2024,2,19,1.0,1.0,1.0,High,NA Random Forest,High,High,High
22,CHHATTISGARH,382,Kabeerdham,2020-2021,468.0,468,468,468,2024,2,19,1.0,1.0,1.0,High,NA Random Forest,High,High,High
3,PUNJAB,662,PATHANKOT,2020-2021,421.0,421,421,408,2024,2,19,1.0,1.0,0.9691211401425178,High,NA Random Forest,High,High,High
6,HARYANA,74,SIRSA,2022-2023,339.0,339,156,17,2024,2,19,1.0,0.46017699115044247,0.05014749262536873,Medium,NA Random Forest,Medium,Low,Medium
9,UTTAR PRADESH,129,BARABANKI,2022-2023,1155.0,1155,1114,559,2024,2,19,1.0,0.9645021645021645,0.48398268398268396,High,NA Random Forest,High,High,High
30,GOA,551,NORTH GOA,2021-2022,102.0,102,102,102,2024,2,19,1.0,1.0,1.0,High,NA Random Forest,High,High,High
36,TELANGANA,509,KHAMMAM,2022-2023,589.0,589,577,166,2024,2,19,1.0,0.9796264855687606,0.28183361629881154,Medium,NA Random Forest,Medium,Medium,Medium
10,BIHAR,201,KATIHAR,2020-2021,231.0,236,236,236,2024,2,19,1.0216450216450217,1.0216450216450217,1.0216450216450217,High,NA Random Forest,High,High,High
36,TELANGANA,513,MEDAK,2022-2023,469.0,469,409,5,2024,2,19,1.0,0.8720682302771855,0.010660980810234541,Medium,NA Random Forest,Medium,Medium,Medium
6,HARYANA,76,YAMUNANAGAR,2022-2023,490.0,490,173,0,2024,2,19,1.0,0.35306122448979593,0.0,Low,NA Random Forest,Low,Low,Low
17,MEGHALAYA,277,SOUTH GARO HILLS,2022-2023,808.0,280,0,0,2024,2,19,0.3465346534653465,0.0,0.0,Low,NA Random Forest,Low,Low,Low
23,MADHYA PRADESH,425,SAGAR,2022-2023,765.0,765,765,26,2024,2,19,1.0,1.0,0.03398692810457516,Medium,NA Random Forest,Medium,Medium,Medium
3,PUNJAB,41,PATIALA,2020-2021,1022.0,1038,1038,1034,2024,2,19,1.015655577299413,1.015655577299413,1.0117416829745598,High,NA Random Forest,High,High,High
10,BIHAR,222,SIWAN,2020-2021,285.0,293,293,293,2024,2,19,1.0280701754385966,1.0280701754385966,1.0280701754385966,High,NA Random Forest,High,High,High
36,TELANGANA,687,JAYASHANKAR BHUPALAPALLY,2020-2021,241.0,241,241,241,2024,2,19,1.0,1.0,1.0,High,NA Random Forest,High,High,High
12,ARUNACHAL PRADESH,628,ANJAW,2020-2021,43.0,41,41,41,2024,2,19,0.9534883720930233,0.9534883720930233,0.9534883720930233,High,NA Random Forest,High,High,High
16,TRIPURA,269,Dhalai,2021-2022,151.0,151,151,151,2024,2,19,1.0,1.0,1.0,High,NA Random Forest,High,High,High
24,GUJARAT,674,DEVBHUMI DWARKA,2020-2021,239.0,239,239,239,2024,2,19,1.0,1.0,1.0,High,NA Random Forest,High,High,High
33,TAMIL NADU,581,PERAMBALUR,2020-2021,121.0,121,121,121,2024,2,19,1.0,1.0,1.0,High,NA Random Forest,High,High,High
21,ODISHA,359,KANDHAMAL,2020-2021,171.0,171,171,171,2024,2,19,1.0,1.0,1.0,High,NA Random Forest,High,High,High
9,UTTAR PRADESH,156,KANPUR DEHAT,2021-2022,618.0,618,618,618,2024,2,19,1.0,1.0,1.0,High,NA Random Forest,High,High,High
20,JHARKHAND,324,DEOGHAR,2020-2021,194.0,194,194,194,2024,2,19,1.0,1.0,1.0,High,NA Random Forest,High,High,High
32,KERALA,562,MALAPPURAM,2021-2022,94.0,94,94,94,2024,2,19,1.0,1.0,1.0,High,NA Random Forest,High,High,High
7,DELHI,85,WEST,2021-2022,281.0,0,0,0,2024,2,19,0.0,0.0,0.0,Low,NA Random Forest,Low,Low,Low
8,RAJASTHAN,90,BARMER,2020-2021,689.0,689,684,683,2024,2,19,1.0,0.9927431059506531,0.9912917271407837,High,NA Random Forest,High,High,High
1,JAMMU AND KASHMIR,623,BANDIPORA,2020-2021,151.0,142,90,50,2024,2,19,0.9403973509933775,0.5960264900662252,0.33112582781456956,Medium,NA Random Forest,Medium,Medium,Medium
9,UTTAR PRADESH,179,BHADOHI,2020-2021,540.0,561,561,548,2024,2,19,1.038888888888889,1.038888888888889,1.0148148148148148,High,NA Random Forest,High,High,High
9,UTTAR PRADESH,187,VARANASI,2021-2022,686.0,686,686,686,2024,2,19,1.0,1.0,1.0,High,NA Random Forest,High,High,High
8,RAJASTHAN,107,JODHPUR,2022-2023,619.0,619,619,0,2024,2,19,1.0,1.0,0.0,Medium,NA Random Forest,Medium,Medium,Medium
36,TELANGANA,522,WARANGAL,2022-2023,323.0,323,313,90,2024,2,19,1.0,0.9690402476780186,0.2786377708978328,Medium,NA Random Forest,Medium,Medium,Medium
23,MADHYA PRADESH,415,MANDLA,2020-2021,486.0,486,486,486,2024,2,19,1.0,1.0,1.0,High,NA Random Forest,High,High,High
6,HARYANA,70,PANCHKULA,2020-2021,135.0,128,128,124,2024,2,19,0.9481481481481482,0.9481481481481482,0.9185185185185185,High,NA Random Forest,High,High,High
36,TELANGANA,687,JAYASHANKAR BHUPALAPALLY,2021-2022,241.0,241,241,241,2024,2,19,1.0,1.0,1.0,High,NA Random Forest,High,High,High
23,MADHYA PRADESH,403,DHAR,2021-2022,761.0,761,761,757,2024,2,19,1.0,1.0,0.9947437582128777,High,NA Random Forest,High,High,High
10,BIHAR,190,BANKA,2020-2021,182.0,185,185,185,2024,2,19,1.0164835164835164,1.0164835164835164,1.0164835164835164,High,NA Random Forest,High,High,High
9,UTTAR PRADESH,166,MAINPURI,2022-2023,549.0,549,545,178,2024,2,19,1.0,0.9927140255009107,0.3242258652094718,Medium,NA Random Forest,Medium,Medium,Medium
15,MIZORAM,263,KOLASIB,2022-2023,56.0,56,1,0,2024,2,19,1.0,0.017857142857142856,0.0,Low,NA Random Forest,Low,Low,Low
21,ODISHA,362,KHORDHA,2020-2021,190.0,190,190,190,2024,2,19,1.0,1.0,1.0,High,NA Random Forest,High,High,High
36,TELANGANA,698,VIKARABAD,2021-2022,566.0,566,566,566,2024,2,19,1.0,1.0,1.0,High,NA Random Forest,High,High,High
7,DELHI,670,South East,2021-2022,281.0,0,0,0,2024,2,19,0.0,0.0,0.0,Low,NA Random Forest,Low,Low,Low
29,KARNATAKA,532,CHIKKAMAGALURU,2020-2021,226.0,226,225,36,2024,2,19,1.0,0.995575221238938,0.1592920353982301,Medium,NA Random Forest,Medium,Medium,Medium
27,MAHARASHTRA,469,AURANGABAD,2022-2023,855.0,806,108,6,2024,2,19,0.9426900584795321,0.12631578947368421,0.007017543859649123,Low,NA Random Forest,Low,Low,Low
14,MANIPUR,714,NONEY,2020-2021,73.0,73,73,0,2024,2,19,1.0,1.0,0.0,Medium,NA Random Forest,Medium,Medium,Medium
12,ARUNACHAL PRADESH,243,WEST SIANG,2021-2022,93.0,86,86,46,2024,2,19,0.9247311827956989,0.9247311827956989,0.4946236559139785,Medium,NA Random Forest,Medium,Medium,Medium
33,TAMIL NADU,592,TIRUNELVELI,2022-2023,204.0,1,0,0,2024,2,19,0.004901960784313725,0.0,0.0,Low,NA Random Forest,Low,Low,Low
9,UTTAR PRADESH,177,SAHARANPUR,2021-2022,884.0,868,864,845,2024,2,19,0.9819004524886877,0.9773755656108597,0.9558823529411765,High,NA Random Forest,High,High,High
14,MANIPUR,257,SENAPATI,2020-2021,146.0,140,140,0,2024,2,19,0.958904109589041,0.958904109589041,0.0,Medium,NA Random Forest,Medium,Medium,Medium
9,UTTAR PRADESH,127,BALRAMPUR,2021-2022,799.0,799,799,794,2024,2,19,1.0,1.0,0.9937421777221527,High,NA Random Forest,High,High,High
36,TELANGANA,696,SURYAPET,2020-2021,475.0,475,475,475,2024,2,19,1.0,1.0,1.0,High,NA Random Forest,High,High,High
12,ARUNACHAL PRADESH,725,SHI YOMI,2020-2021,39.0,39,39,34,2024,2,19,1.0,1.0,0.8717948717948718,High,NA Random Forest,High,High,High
28,ANDHRA PRADESH,748,Eluru,2022-2023,572.0,568,492,1,2024,2,19,0.993006993006993,0.8601398601398601,0.0017482517482517483,Medium,NA Random Forest,Medium,Medium,Medium
19,WEST BENGAL,311,Uttar Dinajpur,2021-2022,98.0,98,98,98,2024,2,19,1.0,1.0,1.0,High,NA Random Forest,High,High,High
36,TELANGANA,682,PEDDAPALLI,2020-2021,266.0,266,266,266,2024,2,19,1.0,1.0,1.0,High,NA Random Forest,High,High,High
24,GUJARAT,458,SABAR KANTHA,2022-2023,512.0,498,455,0,2024,2,19,0.97265625,0.888671875,0.0,Medium,NA Random Forest,Medium,Medium,Medium
4,CHANDIGARH,44,CHANDIGARH,2020-2021,281.0,0,0,0,2024,2,19,0.0,0.0,0.0,Low,NA Random Forest,Low,Low,Low
1,JAMMU AND KASHMIR,1,ANANTNAG,2021-2022,336.0,336,336,335,2024,2,19,1.0,1.0,0.9970238095238095,High,NA Random Forest,High,High,High
9,UTTAR PRADESH,156,KANPUR DEHAT,2020-2021,618.0,626,626,618,2024,2,19,1.0129449838187703,1.0129449838187703,1.0,High,NA Random Forest,High,High,High
10,BIHAR,202,KHAGARIA,2020-2021,129.0,129,129,129,2024,2,19,1.0,1.0,1.0,High,NA Random Forest,High,High,High
3,PUNJAB,29,FARIDKOT,2021-2022,243.0,243,243,243,2024,2,19,1.0,1.0,1.0,High,NA Random Forest,High,High,High
36,TELANGANA,518,RANGA REDDY,2021-2022,558.0,558,558,558,2024,2,19,1.0,1.0,1.0,High,NA Random Forest,High,High,High
22,CHHATTISGARH,636,BIJAPUR,2021-2022,170.0,170,170,137,2024,2,19,1.0,1.0,0.8058823529411765,High,NA Random Forest,High,High,High
33,TAMIL NADU,595,VELLORE,2021-2022,249.0,249,249,249,2024,2,19,1.0,1.0,1.0,High,NA Random Forest,High,High,High
1,JAMMU AND KASHMIR,12,RAJOURI,2021-2022,312.0,312,312,312,2024,2,19,1.0,1.0,1.0,High,NA Random Forest,High,High,High
1,JAMMU AND KASHMIR,621,RAMBAN,2022-2023,143.0,143,143,1,2024,2,19,1.0,1.0,0.006993006993006993,Medium,NA Random Forest,Medium,Medium,Medium
6,HARYANA,68,KURUKSHETRA,2021-2022,404.0,404,404,401,2024,2,19,1.0,1.0,0.9925742574257426,High,NA Random Forest,High,High,High
36,TELANGANA,685,KAMAREDDY,2021-2022,526.0,526,526,526,2024,2,19,1.0,1.0,1.0,High,NA Random Forest,High,High,High
18,ASSAM,287,GOALPARA,2022-2023,81.0,81,12,0,2024,2,19,1.0,0.14814814814814814,0.0,Low,NA Random Forest,Low,Low,Low
23,MADHYA PRADESH,398,CHHATARPUR,2021-2022,558.0,558,558,558,2024,2,19,1.0,1.0,1.0,High,NA Random Forest,High,High,High
6,HARYANA,70,PANCHKULA,2021-2022,135.0,135,135,135,2024,2,19,1.0,1.0,1.0,High,NA Random Forest,High,High,High
23,MADHYA PRADESH,416,MANDSAUR,2021-2022,439.0,439,436,434,2024,2,19,1.0,0.9931662870159453,0.9886104783599089,High,NA Random Forest,High,High,High
36,TELANGANA,501,ADILABAD,2021-2022,468.0,468,468,468,2024,2,19,1.0,1.0,1.0,High,NA Random Forest,High,High,High
9,UTTAR PRADESH,182,SIDDHARTH NAGAR,2021-2022,1129.0,1129,1129,1127,2024,2,19,1.0,1.0,0.9982285208148804,High,NA Random Forest,High,High,High
16,TRIPURA,652,Khowai,2021-2022,124.0,124,124,124,2024,2,19,1.0,1.0,1.0,High,NA Random Forest,High,High,High
19,WEST BENGAL,317,Purba Medinipur,2022-2023,223.0,223,223,223,2024,2,19,1.0,1.0,1.0,High,NA Random Forest,High,High,High
24,GUJARAT,448,JUNAGADH,2020-2021,491.0,491,491,485,2024,2,19,1.0,1.0,0.9877800407331976,High,NA Random Forest,High,High,High
15,MIZORAM,726,Hnahthial,2020-2021,32.0,32,32,0,2024,2,19,1.0,1.0,0.0,Medium,NA Random Forest,Medium,Medium,Medium
6,HARYANA,69,MAHENDRAGARH,2021-2022,343.0,343,323,319,2024,2,19,1.0,0.9416909620991254,0.9300291545189504,High,NA Random Forest,High,High,High
18,ASSAM,612,CHIRANG,2022-2023,67.0,0,0,0,2024,2,19,0.0,0.0,0.0,Low,NA Random Forest,Low,Low,Low
29,KARNATAKA,548,TUMAKURU,2020-2021,330.0,330,330,66,2024,2,19,1.0,1.0,0.2,Medium,NA Random Forest,Medium,Medium,Medium
21,ODISHA,367,NAYAGARH,2020-2021,194.0,193,193,179,2024,2,19,0.9948453608247423,0.9948453608247423,0.9226804123711341,High,NA Random Forest,High,High,High
33,TAMIL NADU,634,TIRUPPUR,2022-2023,265.0,265,194,0,2024,2,19,1.0,0.7320754716981132,0.0,Medium,NA Random Forest,Medium,Medium,Medium
16,TRIPURA,272,West Tripura,2020-2021,172.0,172,172,87,2024,2,19,1.0,1.0,0.5058139534883721,High,NA Random Forest,High,High,High
9,UTTAR PRADESH,174,PRATAPGARH,2022-2023,1148.0,1147,1089,606,2024,2,19,0.9991289198606271,0.9486062717770035,0.5278745644599303,High,NA Random Forest,High,High,High
36,TELANGANA,692,SIDDIPET,2022-2023,499.0,499,498,118,2024,2,19,1.0,0.9979959919839679,0.23647294589178355,Medium,NA Random Forest,Medium,Medium,Medium
10,BIHAR,221,SITAMARHI,2020-2021,269.0,270,270,270,2024,2,19,1.003717472118959,1.003717472118959,1.003717472118959,High,NA Random Forest,High,High,High
1,JAMMU AND KASHMIR,620,KISHTWAR,2020-2021,136.0,136,135,1,2024,2,19,1.0,0.9926470588235294,0.007352941176470588,Medium,NA Random Forest,Medium,Medium,Medium
28,ANDHRA PRADESH,505,EAST GODAVARI,2020-2021,300.0,1102,1101,1100,2024,2,19,3.6733333333333333,3.67,3.6666666666666665,High,NA Random Forest,High,High,High
9,UTTAR PRADESH,123,AZAMGARH,2021-2022,1852.0,1852,1850,1849,2024,2,19,1.0,0.9989200863930886,0.9983801295896328,High,NA Random Forest,High,High,High
9,UTTAR PRADESH,185,SULTANPUR,2022-2023,979.0,979,979,524,2024,2,19,1.0,1.0,0.5352400408580184,High,NA Random Forest,High,High,High
24,GUJARAT,447,JAMNAGAR,2021-2022,417.0,417,417,416,2024,2,19,1.0,1.0,0.9976019184652278,High,NA Random Forest,High,High,High
20,JHARKHAND,341,SARAIKELA KHARSAWAN,2020-2021,132.0,132,132,132,2024,2,19,1.0,1.0,1.0,High,NA Random Forest,High,High,High
12,ARUNACHAL PRADESH,232,EAST SIANG,2020-2021,116.0,97,97,80,2024,2,19,0.8362068965517241,0.8362068965517241,0.6896551724137931,Medium,NA Random Forest,Medium,High,Medium
8,RAJASTHAN,105,JHALAWAR,2021-2022,254.0,254,254,254,2024,2,19,1.0,1.0,1.0,High,NA Random Forest,High,High,High
6,HARYANA,63,HISAR,2021-2022,300.0,300,289,236,2024,2,19,1.0,0.9633333333333334,0.7866666666666666,High,NA Random Forest,High,High,High
38,THE DADRA AND NAGAR HAVELI AND DAMAN AND DIU,465,DADRA AND NAGAR HAVELI,2022-2023,20.0,20,18,0,2024,2,19,1.0,0.9,0.0,Medium,NA Random Forest,Medium,Medium,Medium
10,BIHAR,194,BUXAR,2020-2021,142.0,142,142,142,2024,2,19,1.0,1.0,1.0,High,NA Random Forest,High,High,High
3,PUNJAB,30,FATEHGARH SAHIB,2021-2022,428.0,428,405,405,2024,2,19,1.0,0.9462616822429907,0.9462616822429907,High,NA Random Forest,High,High,High
33,TAMIL NADU,594,TUTICORIN,2020-2021,403.0,403,403,402,2024,2,19,1.0,1.0,0.9975186104218362,High,NA Random Forest,High,High,High
12,ARUNACHAL PRADESH,234,LOHIT,2021-2022,34.0,34,33,0,2024,2,19,1.0,0.9705882352941176,0.0,Medium,NA Random Forest,Medium,Medium,Medium
8,RAJASTHAN,113,SAWAI MADHOPUR,2020-2021,227.0,229,229,229,2024,2,19,1.0088105726872247,1.0088105726872247,1.0088105726872247,High,NA Random Forest,High,High,High
9,UTTAR PRADESH,132,BIJNOR,2020-2021,1123.0,1128,1128,1123,2024,2,19,1.0044523597506678,1.0044523597506678,1.0,High,NA Random Forest,High,High,High
13,NAGALAND,764,Niuland,2022-2023,30.0,30,29,0,2024,2,19,1.0,0.9666666666666667,0.0,Medium,NA Random Forest,Medium,Medium,Medium
18,ASSAM,294,KOKRAJHAR,2020-2021,128.0,128,0,0,2024,2,19,1.0,0.0,0.0,Low,NA Random Forest,Low,Low,Low
35,ANDAMAN AND NICOBAR ISLANDS,603,NICOBARS,2020-2021,197.0,3,3,3,2024,2,19,0.015228426395939087,0.015228426395939087,0.015228426395939087,Low,NA Random Forest,Low,Low,Low
10,BIHAR,212,PATNA,2021-2022,313.0,309,309,309,2024,2,19,0.987220447284345,0.987220447284345,0.987220447284345,High,NA Random Forest,High,High,High
19,WEST BENGAL,704,PASCHIM BARDHAMAN,2022-2023,62.0,62,62,62,2024,2,19,1.0,1.0,1.0,High,NA Random Forest,High,High,High
2,HIMACHAL PRADESH,19,KINNAUR,2020-2021,73.0,65,65,65,2024,2,19,0.8904109589041096,0.8904109589041096,0.8904109589041096,High,NA Random Forest,High,High,High
17,MEGHALAYA,740,EASTERN WEST KHASI HILLS,2021-2022,202.0,181,56,0,2024,2,19,0.8960396039603961,0.27722772277227725,0.0,Low,NA Random Forest,Low,Low,Low
21,ODISHA,355,JAGATSINGHAPUR,2020-2021,198.0,198,198,198,2024,2,19,1.0,1.0,1.0,High,NA Random Forest,High,High,High
23,MADHYA PRADESH,419,NEEMUCH,2022-2023,243.0,243,243,1,2024,2,19,1.0,1.0,0.00411522633744856,Medium,NA Random Forest,Medium,Medium,Medium
20,JHARKHAND,335,LATEHAR,2021-2022,115.0,115,115,115,2024,2,19,1.0,1.0,1.0,High,NA Random Forest,High,High,High
16,TRIPURA,652,Khowai,2020-2021,124.0,124,124,55,2024,2,19,1.0,1.0,0.4435483870967742,High,NA Random Forest,High,High,High
5,UTTARAKHAND,56,UDAM SINGH NAGAR,2020-2021,376.0,376,376,376,2024,2,19,1.0,1.0,1.0,High,NA Random Forest,High,High,High
13,NAGALAND,248,PHEK,2020-2021,99.0,96,96,0,2024,2,19,0.9696969696969697,0.9696969696969697,0.0,Medium,NA Random Forest,Medium,Medium,Medium
27,MAHARASHTRA,470,BEED,2020-2021,1031.0,1031,1031,1030,2024,2,19,1.0,1.0,0.9990300678952473,High,NA Random Forest,High,High,High
8,RAJASTHAN,99,DUNGARPUR,2022-2023,353.0,353,353,3,2024,2,19,1.0,1.0,0.0084985835694051,Medium,NA Random Forest,Medium,Medium,Medium
1,JAMMU AND KASHMIR,627,REASI,2021-2022,153.0,153,153,153,2024,2,19,1.0,1.0,1.0,High,NA Random Forest,High,High,High
33,TAMIL NADU,729,KALLAKURICHI,2020-2021,412.0,412,412,412,2024,2,19,1.0,1.0,1.0,High,NA Random Forest,High,High,High
8,RAJASTHAN,91,BHARATPUR,2022-2023,400.0,400,293,0,2024,2,19,1.0,0.7325,0.0,Medium,NA Random Forest,Medium,Medium,Medium
22,CHHATTISGARH,650,BEMETARA,2020-2021,429.0,429,429,429,2024,2,19,1.0,1.0,1.0,High,NA Random Forest,High,High,High
19,WEST BENGAL,320,NADIA,2020-2021,185.0,185,185,185,2024,2,19,1.0,1.0,1.0,High,NA Random Forest,High,High,High
22,CHHATTISGARH,377,DHAMTARI,2020-2021,370.0,370,370,370,2024,2,19,1.0,1.0,1.0,High,NA Random Forest,High,High,High
8,RAJASTHAN,115,SIROHI,2020-2021,170.0,171,171,171,2024,2,19,1.0058823529411764,1.0058823529411764,1.0058823529411764,High,NA Random Forest,High,High,High
10,BIHAR,197,GOPALGANJ,2021-2022,232.0,230,230,229,2024,2,19,0.9913793103448276,0.9913793103448276,0.9870689655172413,High,NA Random Forest,High,High,High
27,MAHARASHTRA,490,PUNE,2022-2023,1349.0,1348,685,25,2024,2,19,0.9992587101556709,0.507783543365456,0.018532246108228317,Medium,NA Random Forest,Low,Low,Low
10,BIHAR,193,BHOJPUR,2021-2022,226.0,226,226,226,2024,2,19,1.0,1.0,1.0,High,NA Random Forest,High,High,High
7,DELHI,78,EAST,2021-2022,281.0,0,0,0,2024,2,19,0.0,0.0,0.0,Low,NA Random Forest,Low,Low,Low
2,HIMACHAL PRADESH,21,LAHUL AND SPITI,2021-2022,45.0,45,45,45,2024,2,19,1.0,1.0,1.0,High,NA Random Forest,High,High,High
10,BIHAR,208,MUZAFFARPUR,2022-2023,381.0,373,368,345,2024,2,19,0.979002624671916,0.9658792650918635,0.905511811023622,High,NA Random Forest,High,High,High
9,UTTAR PRADESH,144,GAUTAM BUDDHA NAGAR,2022-2023,82.0,82,82,33,2024,2,19,1.0,1.0,0.4024390243902439,High,NA Random Forest,Medium,Medium,Medium
24,GUJARAT,676,BOTAD,2020-2021,180.0,180,180,180,2024,2,19,1.0,1.0,1.0,High,NA Random Forest,High,High,High
33,TAMIL NADU,729,KALLAKURICHI,2021-2022,412.0,412,412,412,2024,2,19,1.0,1.0,1.0,High,NA Random Forest,High,High,High
15,MIZORAM,268,SERCHHIP,2022-2023,54.0,54,42,0,2024,2,19,1.0,0.7777777777777778,0.0,Medium,NA Random Forest,Medium,Medium,Medium
9,UTTAR PRADESH,152,JAUNPUR,2020-2021,1740.0,1749,1747,1740,2024,2,19,1.0051724137931035,1.0040229885057472,1.0,High,NA Random Forest,High,High,High
15,MIZORAM,265,LUNGLEI,2021-2022,113.0,113,113,113,2024,2,19,1.0,1.0,1.0,High,NA Random Forest,High,High,High
24,GUJARAT,668,CHHOTAUDEPUR,2020-2021,343.0,343,343,343,2024,2,19,1.0,1.0,1.0,High,NA Random Forest,High,High,High
21,ODISHA,370,RAYAGADA,2020-2021,182.0,182,182,182,2024,2,19,1.0,1.0,1.0,High,NA Random Forest,High,High,High
20,JHARKHAND,606,KHUNTI,2022-2023,86.0,86,0,0,2024,2,19,1.0,0.0,0.0,Low,NA Random Forest,Low,Low,Low
8,RAJASTHAN,102,JAIPUR,2021-2022,602.0,602,602,601,2024,2,19,1.0,1.0,0.9983388704318937,High,NA Random Forest,High,High,High
9,UTTAR PRADESH,160,KUSHI NAGAR,2020-2021,996.0,1017,1003,1001,2024,2,19,1.0210843373493976,1.0070281124497993,1.0050200803212852,High,NA Random Forest,High,High,High
18,ASSAM,705,Biswanath,2020-2021,76.0,76,76,73,2024,2,19,1.0,1.0,0.9605263157894737,High,NA Random Forest,High,High,High
29,KARNATAKA,525,BENGALURU URBAN,2021-2022,88.0,83,44,3,2024,2,19,0.9431818181818182,0.5,0.03409090909090909,Low,NA Random Forest,Low,Low,Low
9,UTTAR PRADESH,135,CHANDAULI,2020-2021,731.0,733,733,731,2024,2,19,1.0027359781121752,1.0027359781121752,1.0,High,NA Random Forest,High,High,High
19,WEST BENGAL,664,Alipurduar,2020-2021,64.0,66,66,66,2024,2,19,1.03125,1.03125,1.03125,High,NA Random Forest,High,High,High
8,RAJASTHAN,116,TONK,2020-2021,236.0,236,235,235,2024,2,19,1.0,0.9957627118644068,0.9957627118644068,High,NA Random Forest,High,High,High
27,MAHARASHTRA,488,OSMANABAD,2020-2021,622.0,622,622,622,2024,2,19,1.0,1.0,1.0,High,NA Random Forest,High,High,High
29,KARNATAKA,526,BENGALURU RURAL,2021-2022,101.0,101,97,49,2024,2,19,1.0,0.9603960396039604,0.48514851485148514,High,NA Random Forest,High,High,High
29,KARNATAKA,524,BAGALKOTE,2022-2023,195.0,0,0,0,2024,2,19,0.0,0.0,0.0,Low,NA Random Forest,Low,Low,Low
11,SIKKIM,228,Gyalshing,2022-2023,33.0,32,31,28,2024,2,19,0.9696969696969697,0.9393939393939394,0.8484848484848485,High,NA Random Forest,High,High,High
38,THE DADRA AND NAGAR HAVELI AND DAMAN AND DIU,463,DAMAN,2021-2022,14.0,14,14,14,2024,2,19,1.0,1.0,1.0,High,NA Random Forest,High,High,High
36,TELANGANA,699,KUMURAM BHEEM ASIFABAD,2022-2023,335.0,335,316,3,2024,2,19,1.0,0.9432835820895522,0.008955223880597015,Medium,NA Random Forest,Medium,Medium,Medium
24,GUJARAT,439,AMRELI,2020-2021,598.0,598,597,579,2024,2,19,1.0,0.9983277591973244,0.9682274247491639,High,NA Random Forest,High,High,High
23,MADHYA PRADESH,402,DEWAS,2022-2023,496.0,496,495,4,2024,2,19,1.0,0.9979838709677419,0.008064516129032258,Medium,NA Random Forest,Medium,Medium,Medium
10,BIHAR,191,BEGUSARAI,2021-2022,229.0,217,217,217,2024,2,19,0.9475982532751092,0.9475982532751092,0.9475982532751092,High,NA Random Forest,High,High,High
32,KERALA,567,WAYANAD,2022-2023,23.0,23,22,22,2024,2,19,1.0,0.9565217391304348,0.9565217391304348,High,NA Random Forest,High,High,High
10,BIHAR,216,SAHARSA,2021-2022,141.0,141,141,141,2024,2,19,1.0,1.0,1.0,High,NA Random Forest,High,High,High
23,MADHYA PRADESH,406,GUNA,2021-2022,422.0,421,421,421,2024,2,19,0.9976303317535545,0.9976303317535545,0.9976303317535545,High,NA Random Forest,High,High,High
27,MAHARASHTRA,477,HINGOLI,2022-2023,562.0,560,4,0,2024,2,19,0.99644128113879,0.0071174377224199285,0.0,Low,NA Random Forest,Low,Low,Low
5,UTTARAKHAND,45,ALMORA,2020-2021,1160.0,1160,1160,1160,2024,2,19,1.0,1.0,1.0,High,NA Random Forest,High,High,High
7,DELHI,670,South East,2022-2023,281.0,0,0,0,2024,2,19,0.0,0.0,0.0,Low,NA Random Forest,Low,Low,Low
5,UTTARAKHAND,51,NAINITAL,2021-2022,479.0,479,479,476,2024,2,19,1.0,1.0,0.9937369519832986,High,NA Random Forest,High,High,High
21,ODISHA,372,SONEPUR,2022-2023,109.0,109,60,0,2024,2,19,1.0,0.5504587155963303,0.0,Medium,NA Random Forest,Medium,Medium,Medium
17,MEGHALAYA,656,NORTH GARO HILLS,2020-2021,569.0,449,71,0,2024,2,19,0.789103690685413,0.12478031634446397,0.0,Low,NA Random Forest,Low,Low,Low
10,BIHAR,205,MADHEPURA,2022-2023,162.0,160,159,159,2024,2,19,0.9876543209876543,0.9814814814814815,0.9814814814814815,High,NA Random Forest,High,High,High
36,TELANGANA,692,SIDDIPET,2021-2022,499.0,499,499,499,2024,2,19,1.0,1.0,1.0,High,NA Random Forest,High,High,High
2,HIMACHAL PRADESH,24,SIRMAUR,2022-2023,259.0,259,247,236,2024,2,19,1.0,0.9536679536679536,0.9111969111969112,High,NA Random Forest,High,High,High
12,ARUNACHAL PRADESH,677,KRA DAADI,2021-2022,90.0,79,78,71,2024,2,19,0.8777777777777778,0.8666666666666667,0.7888888888888889,High,NA Random Forest,High,High,High
19,WEST BENGAL,703,Jhargram,2020-2021,79.0,79,79,79,2024,2,19,1.0,1.0,1.0,High,NA Random Forest,High,High,High
29,KARNATAKA,537,GADAG,2020-2021,122.0,122,122,52,2024,2,19,1.0,1.0,0.4262295081967213,High,NA Random Forest,High,Medium,High
19,WEST BENGAL,316,Malda,2021-2022,146.0,146,146,145,2024,2,19,1.0,1.0,0.9931506849315068,High,NA Random Forest,High,High,High
27,MAHARASHTRA,468,AMRAVATI,2020-2021,841.0,841,841,841,2024,2,19,1.0,1.0,1.0,High,NA Random Forest,High,High,High
22,CHHATTISGARH,383,KORBA,2022-2023,412.0,412,411,0,2024,2,19,1.0,0.9975728155339806,0.0,Medium,NA Random Forest,Medium,Medium,Medium
21,ODISHA,365,MAYURBHANJ,2020-2021,405.0,405,405,405,2024,2,19,1.0,1.0,1.0,High,NA Random Forest,High,High,High
9,UTTAR PRADESH,162,LUCKNOW,2022-2023,491.0,491,489,398,2024,2,19,1.0,0.9959266802443992,0.8105906313645621,High,NA Random Forest,High,High,High
8,RAJASTHAN,103,JAISALMER,2020-2021,206.0,206,206,206,2024,2,19,1.0,1.0,1.0,High,NA Random Forest,High,High,High
14,MANIPUR,714,NONEY,2021-2022,73.0,26,25,0,2024,2,19,0.3561643835616438,0.3424657534246575,0.0,Low,NA Random Forest,Low,Low,Low
17,MEGHALAYA,275,WEST JAINTIA HILLS,2021-2022,325.0,94,10,0,2024,2,19,0.28923076923076924,0.03076923076923077,0.0,Low,NA Random Forest,Low,Low,Low
29,KARNATAKA,631,RAMANAGARA,2020-2021,126.0,127,127,14,2024,2,19,1.007936507936508,1.007936507936508,0.1111111111111111,Medium,NA Random Forest,Medium,Medium,Medium
29,KARNATAKA,524,BAGALKOTE,2020-2021,196.0,198,198,14,2024,2,19,1.010204081632653,1.010204081632653,0.07142857142857142,Medium,NA Random Forest,Medium,Medium,Medium
36,TELANGANA,685,KAMAREDDY,2022-2023,526.0,526,522,238,2024,2,19,1.0,0.9923954372623575,0.4524714828897338,High,NA Random Forest,Medium,High,Medium
38,THE DADRA AND NAGAR HAVELI AND DAMAN AND DIU,465,DADRA AND NAGAR HAVELI,2020-2021,20.0,20,20,20,2024,2,19,1.0,1.0,1.0,High,NA Random Forest,High,High,High
21,ODISHA,360,KENDRAPARA,2022-2023,249.0,249,56,0,2024,2,19,1.0,0.2248995983935743,0.0,Low,NA Random Forest,Low,Low,Low
13,NAGALAND,615,LONGLENG,2022-2023,46.0,46,28,0,2024,2,19,1.0,0.6086956521739131,0.0,Medium,NA Random Forest,Medium,Medium,Medium
13,NAGALAND,250,WOKHA,2020-2021,133.0,133,132,0,2024,2,19,1.0,0.9924812030075187,0.0,Medium,NA Random Forest,Medium,Medium,Medium
3,PUNJAB,37,MANSA,2020-2021,245.0,245,245,245,2024,2,19,1.0,1.0,1.0,High,NA Random Forest,High,High,High
9,UTTAR PRADESH,118,AGRA,2021-2022,690.0,690,690,685,2024,2,19,1.0,1.0,0.9927536231884058,High,NA Random Forest,High,High,High
6,HARYANA,60,FARIDABAD,2020-2021,100.0,116,116,116,2024,2,19,1.16,1.16,1.16,High,NA Random Forest,High,High,High
24,GUJARAT,439,AMRELI,2021-2022,598.0,527,282,19,2024,2,19,0.8812709030100334,0.47157190635451507,0.03177257525083612,Low,NA Random Forest,Low,Low,Low
21,ODISHA,355,JAGATSINGHAPUR,2021-2022,198.0,198,198,198,2024,2,19,1.0,1.0,1.0,High,NA Random Forest,High,High,High
8,RAJASTHAN,117,UDAIPUR,2022-2023,648.0,648,595,0,2024,2,19,1.0,0.9182098765432098,0.0,Medium,NA Random Forest,Medium,Medium,Medium
6,HARYANA,76,YAMUNANAGAR,2020-2021,490.0,472,472,471,2024,2,19,0.963265306122449,0.963265306122449,0.9612244897959183,High,NA Random Forest,High,High,High
38,THE DADRA AND NAGAR HAVELI AND DAMAN AND DIU,464,DIU,2021-2022,4.0,4,4,4,2024,2,19,1.0,1.0,1.0,High,NA Random Forest,High,High,High
3,PUNJAB,41,PATIALA,2022-2023,1022.0,1022,1022,0,2024,2,19,1.0,1.0,0.0,Medium,NA Random Forest,Medium,Medium,Medium
23,MADHYA PRADESH,413,KATNI,2022-2023,407.0,407,405,2,2024,2,19,1.0,0.995085995085995,0.004914004914004914,Medium,NA Random Forest,Medium,Medium,Medium
12,ARUNACHAL PRADESH,666,LONGDING,2022-2023,48.0,48,0,0,2024,2,19,1.0,0.0,0.0,Low,NA Random Forest,Low,Low,Low
9,UTTAR PRADESH,139,ETAWAH,2022-2023,469.0,469,469,297,2024,2,19,1.0,1.0,0.6332622601279317,High,NA Random Forest,High,High,High
9,UTTAR PRADESH,118,AGRA,2022-2023,690.0,690,552,277,2024,2,19,1.0,0.8,0.40144927536231884,Medium,NA Random Forest,Medium,Medium,Medium
37,LADAKH,6,KARGIL,2021-2022,98.0,98,98,98,2024,2,19,1.0,1.0,1.0,High,NA Random Forest,High,High,High
31,LAKSHADWEEP,553,LAKSHADWEEP DISTRICT,2022-2023,10.0,0,0,0,2024,2,19,0.0,0.0,0.0,Low,NA Random Forest,Low,Low,Low
36,TELANGANA,522,WARANGAL,2021-2022,323.0,323,323,323,2024,2,19,1.0,1.0,1.0,High,NA Random Forest,High,High,High
33,TAMIL NADU,582,PUDUKKOTTAI,2022-2023,497.0,33,0,0,2024,2,19,0.06639839034205232,0.0,0.0,Low,NA Random Forest,Low,Low,Low
28,ANDHRA PRADESH,745,Alluri Sitharama Raju,2022-2023,430.0,430,430,3,2024,2,19,1.0,1.0,0.0069767441860465115,Medium,NA Random Forest,Medium,Medium,Medium
9,UTTAR PRADESH,181,SHRAVASTI,2021-2022,396.0,396,396,392,2024,2,19,1.0,1.0,0.98989898989899,High,NA Random Forest,High,High,High
23,MADHYA PRADESH,407,GWALIOR,2022-2023,263.0,263,263,8,2024,2,19,1.0,1.0,0.030418250950570342,Medium,NA Random Forest,Medium,Medium,Medium
3,PUNJAB,31,FEROZEPUR,2021-2022,819.0,819,817,817,2024,2,19,1.0,0.9975579975579976,0.9975579975579976,High,NA Random Forest,High,High,High
23,MADHYA PRADESH,436,UMARIA,2022-2023,236.0,236,236,0,2024,2,19,1.0,1.0,0.0,Medium,NA Random Forest,Medium,Medium,Medium
28,ANDHRA PRADESH,520,Visakhapatnam,2022-2023,79.0,79,79,2,2024,2,19,1.0,1.0,0.02531645569620253,Medium,NA Random Forest,Medium,Medium,Medium
29,KARNATAKA,539,HASSAN,2020-2021,267.0,267,267,56,2024,2,19,1.0,1.0,0.20973782771535582,Medium,NA Random Forest,Medium,Medium,Medium
22,CHHATTISGARH,387,RAIPUR,2020-2021,410.0,416,416,416,2024,2,19,1.0146341463414634,1.0146341463414634,1.0146341463414634,High,NA Random Forest,High,High,High
23,MADHYA PRADESH,427,SEHORE,2020-2021,497.0,497,497,497,2024,2,19,1.0,1.0,1.0,High,NA Random Forest,High,High,High
7,DELHI,84,SOUTH WEST,2020-2021,281.0,0,0,0,2024,2,19,0.0,0.0,0.0,Low,NA Random Forest,Low,Low,Low
34,PUDUCHERRY,599,MAHE,2020-2021,281.0,0,0,0,2024,2,19,0.0,0.0,0.0,Low,NA Random Forest,Low,Low,Low
23,MADHYA PRADESH,391,ASHOKNAGAR,2021-2022,329.0,329,329,328,2024,2,19,1.0,1.0,0.9969604863221885,High,NA Random Forest,High,High,High
13,NAGALAND,244,DIMAPUR,2020-2021,215.0,211,210,0,2024,2,19,0.9813953488372092,0.9767441860465116,0.0,Medium,NA Random Forest,Medium,Medium,Medium
36,TELANGANA,516,NIZAMABAD,2021-2022,530.0,530,530,530,2024,2,19,1.0,1.0,1.0,High,NA Random Forest,High,High,High
1,JAMMU AND KASHMIR,620,KISHTWAR,2022-2023,136.0,136,136,115,2024,2,19,1.0,1.0,0.8455882352941176,High,NA Random Forest,High,High,High
19,WEST BENGAL,310,Dakshin Dinajpur,2021-2022,64.0,64,64,64,2024,2,19,1.0,1.0,1.0,High,NA Random Forest,High,High,High
28,ANDHRA PRADESH,511,KURNOOL,2022-2023,484.0,483,357,3,2024,2,19,0.9979338842975206,0.737603305785124,0.006198347107438017,Medium,NA Random Forest,Medium,Medium,Medium
7,DELHI,83,SOUTH,2022-2023,281.0,0,0,0,2024,2,19,0.0,0.0,0.0,Low,NA Random Forest,Low,Low,Low
33,TAMIL NADU,590,THIRUVARUR,2022-2023,430.0,427,172,0,2024,2,19,0.9930232558139535,0.4,0.0,Low,NA Random Forest,Low,Low,Low
2,HIMACHAL PRADESH,23,SHIMLA,2022-2023,412.0,412,256,215,2024,2,19,1.0,0.6213592233009708,0.5218446601941747,Medium,NA Random Forest,Medium,Medium,Medium
32,KERALA,558,KASARAGOD,2020-2021,38.0,38,38,38,2024,2,19,1.0,1.0,1.0,High,NA Random Forest,High,High,High
22,CHHATTISGARH,763,SARANGARH BILAIGARH,2022-2023,349.0,349,287,12,2024,2,19,1.0,0.8223495702005731,0.034383954154727794,Medium,NA Random Forest,Medium,Medium,Medium
14,MANIPUR,257,SENAPATI,2022-2023,146.0,0,0,0,2024,2,19,0.0,0.0,0.0,Low,NA Random Forest,Low,Low,Low
33,TAMIL NADU,573,ERODE,2022-2023,225.0,224,152,0,2024,2,19,0.9955555555555555,0.6755555555555556,0.0,Medium,NA Random Forest,Medium,Medium,Medium
33,TAMIL NADU,586,THANJAVUR,2022-2023,589.0,589,0,0,2024,2,19,1.0,0.0,0.0,Low,NA Random Forest,Low,Low,Low
9,UTTAR PRADESH,159,KHERI,2020-2021,1153.0,1165,1165,1164,2024,2,19,1.01040763226366,1.01040763226366,1.0095403295750216,High,NA Random Forest,High,High,High
35,ANDAMAN AND NICOBAR ISLANDS,602,SOUTH ANDAMANS,2020-2021,30.0,30,30,30,2024,2,19,1.0,1.0,1.0,High,NA Random Forest,High,High,High
22,CHHATTISGARH,644,BALODA BAZAR,2021-2022,644.0,644,644,368,2024,2,19,1.0,1.0,0.5714285714285714,High,NA Random Forest,High,High,High
36,TELANGANA,501,ADILABAD,2020-2021,468.0,468,468,468,2024,2,19,1.0,1.0,1.0,High,NA Random Forest,High,High,High
14,MANIPUR,257,SENAPATI,2021-2022,146.0,140,119,0,2024,2,19,0.958904109589041,0.815068493150685,0.0,Medium,NA Random Forest,Medium,Medium,Medium
2,HIMACHAL PRADESH,20,KULLU,2021-2022,235.0,235,235,235,2024,2,19,1.0,1.0,1.0,High,NA Random Forest,High,High,High
5,UTTARAKHAND,53,PITHORAGARH,2022-2023,686.0,686,470,1,2024,2,19,1.0,0.685131195335277,0.0014577259475218659,Medium,NA Random Forest,Medium,Medium,Medium
28,ANDHRA PRADESH,744,Anakapalli,2022-2023,646.0,646,639,0,2024,2,19,1.0,0.9891640866873065,0.0,Medium,NA Random Forest,Medium,Medium,Medium
15,MIZORAM,268,SERCHHIP,2020-2021,54.0,54,54,0,2024,2,19,1.0,1.0,0.0,Medium,NA Random Forest,Medium,Medium,Medium
27,MAHARASHTRA,477,HINGOLI,2021-2022,563.0,563,563,563,2024,2,19,1.0,1.0,1.0,High,NA Random Forest,High,High,High
3,PUNJAB,38,MOGA,2020-2021,340.0,340,340,336,2024,2,19,1.0,1.0,0.9882352941176471,High,NA Random Forest,High,High,High
13,NAGALAND,246,MOKOKCHUNG,2022-2023,88.0,88,66,0,2024,2,19,1.0,0.75,0.0,Medium,NA Random Forest,Medium,Medium,Medium
16,TRIPURA,270,North Tripura,2021-2022,129.0,129,129,129,2024,2,19,1.0,1.0,1.0,High,NA Random Forest,High,High,High
6,HARYANA,69,MAHENDRAGARH,2022-2023,343.0,343,186,1,2024,2,19,1.0,0.5422740524781341,0.0029154518950437317,Medium,NA Random Forest,Medium,Low,Medium
7,DELHI,83,SOUTH,2020-2021,281.0,0,0,0,2024,2,19,0.0,0.0,0.0,Low,NA Random Forest,Low,Low,Low
18,ASSAM,302,TINSUKIA,2020-2021,85.0,85,85,85,2024,2,19,1.0,1.0,1.0,High,NA Random Forest,High,High,High
9,UTTAR PRADESH,125,BAHRAICH,2022-2023,1041.0,1041,1041,363,2024,2,19,1.0,1.0,0.34870317002881845,Medium,NA Random Forest,Medium,Medium,Medium
19,WEST BENGAL,316,Malda,2020-2021,146.0,146,146,146,2024,2,19,1.0,1.0,1.0,High,NA Random Forest,High,High,High
32,KERALA,559,KOLLAM,2021-2022,68.0,68,68,68,2024,2,19,1.0,1.0,1.0,High,NA Random Forest,High,High,High
23,MADHYA PRADESH,408,HARDA,2021-2022,207.0,207,207,204,2024,2,19,1.0,1.0,0.9855072463768116,High,NA Random Forest,High,High,High
27,MAHARASHTRA,482,MUMBAI,2020-2021,281.0,0,0,0,2024,2,19,0.0,0.0,0.0,Low,NA Random Forest,Low,Low,Low
18,ASSAM,612,CHIRANG,2020-2021,68.0,1,1,1,2024,2,19,0.014705882352941176,0.014705882352941176,0.014705882352941176,Low,NA Random Forest,Low,Low,Low
10,BIHAR,200,KAIMUR (BHABUA),2020-2021,147.0,149,149,149,2024,2,19,1.0136054421768708,1.0136054421768708,1.0136054421768708,High,NA Random Forest,High,High,High
9,UTTAR PRADESH,157,KANPUR NAGAR,2021-2022,586.0,586,586,586,2024,2,19,1.0,1.0,1.0,High,NA Random Forest,High,High,High
10,BIHAR,195,DARBHANGA,2021-2022,309.0,309,309,309,2024,2,19,1.0,1.0,1.0,High,NA Random Forest,High,High,High
16,TRIPURA,652,Khowai,2022-2023,124.0,124,82,2,2024,2,19,1.0,0.6612903225806451,0.016129032258064516,Medium,NA Random Forest,Medium,Medium,Medium
6,HARYANA,68,KURUKSHETRA,2022-2023,403.0,403,327,1,2024,2,19,1.0,0.8114143920595533,0.0024813895781637717,Medium,NA Random Forest,Medium,Medium,Medium
27,MAHARASHTRA,466,AHMEDNAGAR,2022-2023,1306.0,1304,476,0,2024,2,19,0.998468606431853,0.36447166921898927,0.0,Low,NA Random Forest,Low,Low,Low
32,KERALA,561,KOZHIKODE,2021-2022,70.0,70,70,70,2024,2,19,1.0,1.0,1.0,High,NA Random Forest,High,High,High
10,BIHAR,190,BANKA,2021-2022,182.0,182,182,182,2024,2,19,1.0,1.0,1.0,High,NA Random Forest,High,High,High
9,UTTAR PRADESH,169,MEERUT,2021-2022,479.0,479,477,445,2024,2,19,1.0,0.9958246346555324,0.9290187891440501,High,NA Random Forest,High,High,High
5,UTTARAKHAND,46,BAGESHWAR,2022-2023,402.0,401,9,0,2024,2,19,0.9975124378109452,0.022388059701492536,0.0,Low,NA Random Forest,Low,Low,Low
6,HARYANA,58,AMBALA,2020-2021,400.0,397,395,368,2024,2,19,0.9925,0.9875,0.92,High,NA Random Forest,High,High,High
36,TELANGANA,695,JOGULAMBA GADWAL,2020-2021,255.0,255,255,255,2024,2,19,1.0,1.0,1.0,High,NA Random Forest,High,High,High
33,TAMIL NADU,571,DHARMAPURI,2021-2022,251.0,251,251,251,2024,2,19,1.0,1.0,1.0,High,NA Random Forest,High,High,High
9,UTTAR PRADESH,134,BULANDSHAHR,2022-2023,946.0,946,892,517,2024,2,19,1.0,0.9429175475687104,0.5465116279069767,High,NA Random Forest,High,High,High
18,ASSAM,291,KAMRUP,2020-2021,139.0,139,139,139,2024,2,19,1.0,1.0,1.0,High,NA Random Forest,High,High,High
14,MANIPUR,260,UKHRUL,2020-2021,92.0,92,90,0,2024,2,19,1.0,0.9782608695652174,0.0,Medium,NA Random Forest,Medium,Medium,Medium
27,MAHARASHTRA,498,WARDHA,2021-2022,520.0,520,520,520,2024,2,19,1.0,1.0,1.0,High,NA Random Forest,High,High,High
